,min,mean,max,std
IF,-17.901766,0.11121923,8.744973,1.4169884
TRAK,-0.011764526,-1.1503696e-05,0.011016846,0.0006904602
