,min,mean,max,std
IF,-1372140.5,133.72263,533461.75,32527.562
TRAK,-0.016662598,-1.4841557e-05,0.01423645,0.00091362
