,min,mean,max,std
IF_train,-1679869.9,454.68164,638430.94,40780.68
IF_test,-107797.7,454.68173,115555.16,26227.564
TRAK_train,-0.020751953,-1.5079975e-05,0.017486572,0.0011959076
TRAK_test,-0.0013027191,-1.5079975e-05,0.001241684,0.00024414062
