,min,mean,max,std
IF_train,-26.469799,0.17762673,12.302167,2.1268606
IF_test,-1.7353338,0.17762671,1.9340935,0.6048685
TRAK_train,-0.016342163,-1.424551e-05,0.015701294,0.0010070801
TRAK_test,-0.0018157959,-1.424551e-05,0.0010633469,0.00024414062
