,min,mean,max,std
IF,-18.226107,0.15862939,8.726194,1.4550469
TRAK,-0.0009393692,-1.1920929e-07,0.0007529259,0.0
