,accuracy,loss,fpr,fnr,auc
African,0.6428571428571429,0.05151111313274929,0.7142857142857143,0.0,0.6428571428571428
Islam,0.6904761904761905,0.0360382596651713,0.42857142857142855,0.19047619047619047,0.6904761904761905
Refugee,0.7142857142857143,0.034695633820125034,0.3333333333333333,0.23809523809523808,0.7142857142857143
Women,0.6904761904761905,0.03325835863749186,0.38095238095238093,0.23809523809523808,0.6904761904761905
