,min,mean,max,std
IF_train,-25.747452,0.20368193,12.064956,2.0031016
IF_test,-3.5292552,0.20368195,2.6467109,0.9270824
TRAK_train,-0.0014228821,-4.7683716e-07,0.0010232925,0.0
TRAK_test,-0.00022268295,-4.7683716e-07,0.00013744831,0.0
