,min,mean,max,std
IF_African,-24.322634,0.2633027,18.669943,3.1003418
IF_Islam,-23.37693,0.27095422,18.458317,2.845238
IF_Refugee,-39.50599,0.13079682,19.406693,3.7516901
IF_Women,-41.001976,0.14967401,24.819609,3.903985
TRAK_African,-0.0012807846,3.0398369e-06,0.002412796,0.0
TRAK_Islam,-0.0019426346,1.1920929e-07,0.0022411346,0.00024414062
TRAK_Refugee,-0.0028457642,2.503395e-06,0.0022697449,0.00024414062
TRAK_Women,-0.0028247833,-7.56979e-06,0.0026416779,0.00024414062
